y_real,y_previsto
54.57075619631647,52.67994342611952
34.40023840639257,40.896379895322895
61.25676793709686,59.47544808178973
64.1084707458682,67.79604858820363
20.734472170192454,16.06638377014307
30.467307397065227,29.440119607727077
51.91760604750928,47.16749577295637
45.256361114846264,43.56119573534345
49.74798263743567,53.94952332472265
37.2043410863963,28.567738970434554
63.19096962294243,65.36308784067172
61.66687903143422,62.85555704309561
50.99046046341824,48.01971068493427
66.90861810452049,59.67832883257821
57.012640133780685,57.37328767235003
37.110613056751426,34.46314951143241
55.53126176123748,56.694642818011
35.616760987565016,35.72602171518223
63.17675451960909,71.18564897621367
49.251111335206204,48.05433319784108
47.22706454682109,42.10957708371176
39.786056833940876,40.68243500872246
68.33812008011046,69.43810349996929
47.682057768967965,54.47799564517015
43.57508266755339,47.75063889712628
44.717996742676554,46.5023520384241
57.98463778330023,65.30115223939804
55.481660965461174,49.53784569384692
56.190989173939826,52.99223151019109
56.46231504511824,51.82943533809061
82.12471401305692,80.17566499727808
43.90377475423077,37.02034401644922
42.31635906392694,45.49211379799896
37.79340907628183,36.682295590787966
59.23969133863243,51.88565986611914
66.93458439081337,61.85668898477566
48.290788135176875,49.858357372427854
37.39765284556208,41.58828568503398
37.6327817646314,47.61643622309033
59.75889181737052,74.32820414740716
61.14881256805163,63.22085973443161
58.14731402457792,53.199623424418604
40.01735439066958,29.357122987013035
53.482419846000795,54.82097715771997
51.750287137110924,47.68558166055929
53.28032895093519,51.203542650036766
63.07143166922285,60.01094767392381
53.35393323162023,52.6499787995383
60.183703446078425,65.51360460001665
51.01368604233337,51.798928879560094
54.33679098034976,53.54361679515632
59.46932338757811,54.29105462344905
28.142662702165005,19.76924797864322
45.204931754640484,42.77339220927383
42.944410185608064,42.67549743151646
40.41683227634987,49.256481844249286
45.872866231599744,46.52423883896417
72.42411966851594,77.33781722363123
37.01253326460135,34.51605527190559
64.52417531887221,58.59945648678709
24.75695342576293,19.93136961460107
44.976724550213376,41.35059422753461
52.441295976575084,63.083644638750904
58.79333497038917,54.68640157426724
60.66839869689282,64.86084471557454
61.90020852799888,57.38557263756375
44.769123916273436,49.42698898064466
43.064723110031494,44.98947794056081
62.869638218857304,62.08644873056685
47.13043512677578,46.92662249609861
30.864705149931172,27.59076667278422
33.000691789947794,35.231052797358196
36.20821570997583,33.93329830827193
57.45741116080646,51.329382341970216
52.13638604105848,45.74669816946038
60.357280311016524,61.22021989962712
43.591210304951986,51.48666658700416
52.37809536615072,53.17805343401791
59.38385590951005,58.79066427896064
45.35980190419642,46.78893260220914
56.851628563361174,63.3816372718953
40.071110884000234,41.16802339081951
44.554192301523926,42.49955614735524
44.273931590025065,49.80537514032451
32.0624053161644,34.20618750847247
57.304587211783726,64.98336717176369
42.958964896959145,43.87513708306867
50.18741178091531,44.06506662231281
57.211199883588634,50.37040388736031
56.697967640449164,64.95260730160541
59.98077663459179,68.59910523850827
48.52271773235864,47.62512166594564
43.650525319337696,41.73458871365776
48.80422683640401,56.11144829761503
24.68998349062955,19.154755080412112
28.29331291365369,23.81967781887456
30.159505814683964,33.37613978812919
35.04129758597777,33.06827197167983
55.99661340085155,55.971004067251194
36.41781416959909,35.60059967697653
