y_real,y_previsto,y_proba
0,1,0.6608316986722611
0,0,0.40134871928510263
1,0,0.4987195333199822
0,0,0.45913927536887184
0,1,0.5843936371997334
1,1,0.8518704653284292
0,1,0.5226462267254364
0,1,0.6609846983192145
0,0,0.0
0,0,0.4878203995174705
0,0,0.2891924324267822
1,0,0.195296734894093
0,0,0.2804619082678123
0,0,0.416469139824797
0,1,0.7289756355890032
0,0,0.168401820565109
0,1,0.5076578731486043
0,0,0.3789576416666054
0,0,0.4180817264095098
0,1,0.750689456326151
0,1,0.6345288592509815
0,1,0.834349526860686
1,0,0.4613735801875249
1,0,0.32601434708232424
0,0,0.4440352957798751
0,1,0.5606241978178054
0,1,0.5441433396134278
0,0,0.22890298194165837
0,1,0.5226224454069686
0,1,0.5570570825347263
0,1,1.0
1,1,0.9692111528204175
0,0,0.28668916236029496
0,0,0.428154159612706
0,0,0.13413949954074922
0,0,0.3523232465091284
0,1,0.5789012508975852
0,1,0.8014634052220584
0,0,0.3177290405640979
0,0,0.33646338998305086
0,0,0.0
0,0,0.4593335198637731
0,0,0.23439639703510923
0,0,0.3676401431584816
0,0,0.2807848054581029
0,0,0.47643436143686074
0,0,0.06056790216084218
0,0,0.13323868865225236
0,1,1.0
0,0,0.17814435468149226
0,0,0.2258036053863401
0,1,0.9592283820803285
0,1,1.0
0,0,0.20710834279366458
0,0,0.4079377608029924
0,1,0.5853888877351274
0,1,0.9321744111013981
0,0,0.25328573039294067
0,0,0.4386805385144726
0,1,0.6943343940154361
0,1,0.6086915186166546
0,0,0.4059609821924752
0,0,0.4665442588709897
0,0,0.15627604790750454
0,0,0.4404565640063337
0,0,0.4334031274977612
0,1,0.558042472406564
0,0,0.361168195295246
0,1,0.6178846306362847
0,1,0.7531789544549572
0,1,0.5388573319171165
0,1,0.5879391020998008
1,1,0.5132888368944668
0,1,0.5000210982728536
0,0,0.3196104916142881
0,1,0.579123565418327
0,0,0.47567835039662765
0,1,1.0
0,1,0.8933387256188106
0,1,0.5964616381391252
0,0,0.3092356975763081
0,0,0.22189713200414551
0,1,0.7977857382722162
0,1,0.5656873062867847
0,1,0.6200358508479027
0,0,0.06385350325645184
0,1,0.7318596203895452
0,1,0.6136050845535908
0,0,0.2223923288963805
0,0,0.38211879813751276
0,1,0.5659293010891299
0,1,0.5131166995890609
0,0,0.42695720354911126
0,0,0.4741279329835098
0,0,0.43700565544827863
0,1,0.5381406280256171
0,1,0.8678729932482893
0,0,0.0
0,0,0.44078743387257896
1,1,0.5441281053431117
1,1,0.5739984974217749
0,0,0.40702135466967754
0,0,0.06081955438035436
1,1,0.5819988709285274
0,1,0.9318375535410462
0,0,0.11653464877096559
0,1,0.715957003424547
0,0,0.4178686942192765
0,0,0.4846689135427882
1,0,0.23677537232401275
0,0,0.41638595691103086
0,1,0.8250111486747396
0,1,0.6456638104969268
0,1,0.933077901352486
0,1,0.7943529722444234
1,1,0.609771669732394
0,1,0.9359836315419481
0,1,0.6097482896845747
0,1,0.7069970441992648
0,0,0.4258572616163229
0,1,0.5166364539648012
0,0,0.32564404417493076
0,1,0.7473959836487133
0,0,0.2054240942212836
0,1,0.6955875856044154
0,0,0.45233723562371014
0,1,0.7928117733668298
0,1,0.687717247182815
0,1,0.9551615394117003
0,1,0.6826936727846612
0,0,0.10698993608668983
1,0,0.4832617067754498
0,0,0.20699820185129603
0,0,0.37043003940843133
0,1,0.8778071083191804
0,1,0.659383452724424
1,0,0.3252673928553134
0,0,0.24657065838990028
0,1,0.5081955232190652
0,0,0.19585996265471806
0,0,0.3322149306508547
0,1,0.578002367887811
1,1,0.788828009026674
0,1,0.65219036805611
0,0,0.0
0,1,0.5760916822575649
0,1,0.5180083933081445
0,1,0.6034725713431732
0,1,0.9040524204128018
0,0,0.0
0,0,0.3522241437022236
1,1,0.6477265806983387
0,0,0.10460140013651442
0,1,0.8689872620133772
0,1,0.5920891531751646
0,1,0.711645996460851
0,0,0.3572640846195514
0,1,0.7034409224915527
0,1,0.7671178889972596
0,1,0.5582195050342921
0,1,0.558600223174674
1,1,0.5675858098204315
0,0,0.28416368381515456
0,0,0.4631178299399118
0,0,0.46186936688691027
0,1,0.5958484660883738
0,1,0.7499560617275737
0,0,0.23536597950539767
0,0,0.4687477424201056
1,1,0.8703638869147433
0,0,0.31410294279685896
0,0,0.29443749567741995
0,1,0.5505765479577984
1,1,0.71109629762133
0,1,0.5028565138901648
0,1,0.8322401476092474
0,1,0.7141984956416317
1,1,0.7104550167225154
1,1,0.6385291253310234
0,1,1.0
1,0,0.44870957778348897
1,0,0.0
0,1,0.9010635903792852
0,0,0.3855751422607936
0,1,0.5269701110857583
0,1,0.8273876712151318
0,0,0.09943511473526867
0,0,0.18708819647346514
0,0,0.09968051572028658
0,0,0.30146592749364404
1,1,0.6099091515042484
0,1,0.6310469607031928
0,1,0.5690685448321384
0,0,0.14680852902690839
0,0,0.0
0,1,0.5135883963475956
0,0,0.38205599159041603
1,1,0.6148464429291529
0,1,0.6754884065553175
0,1,0.5345603580146705
